type,name,path,value
#Global Parameter 
factory,mdw-df-nala-dev,"$.properties.globalParameters.environment.value","prod"
factory,mdw-df-nala-dev,"$.properties.globalParameters.teamsWebhookUrl.value", "https://tempursealyinc.webhook.office.com/webhookb2/2bc2054b-b9d7-421a-a9bb-2859e583aff6@7c6c07f6-1ef4-4368-8d5d-4686d15efd79/IncomingWebhook/88ec589f7d7d46fe993754b864cbfad8/d1d036fd-a6c3-446d-92b2-40a58b1e949b/V2lOaCVAm5Cr8DwW8UCoB01o3xoCtOusambtYrRqwPJy81"
factory,mdw-df-nala-dev,"$.properties.globalParameters.resourceGroup.value","rg-IT-NALA-MDW"
factory,mdw-df-nala-dev,"$.properties.globalParameters.nala_sql_serverName.value","TRI-SQLAX03"
factory,mdw-df-nala-dev,"$.properties.globalParameters.nala_sql_dbName.value","MSDAX"
factory,mdw-df-nala-dev,"$.properties.globalParameters.retail_sql_serverName.value","TRI-ARSQL01"
factory,mdw-df-nala-dev,"$.properties.globalParameters.retail_sql_dbName.value","RETAIL_MSDAX"
factory,mdw-df-nala-dev,"$.properties.globalParameters.athena_sql_serverName.value","SLG-OLTP-PRD"
factory,mdw-df-nala-dev,"$.properties.globalParameters.athena_sql_dbName.value","SealyCDB"
factory,mdw-df-nala-dev,"$.properties.globalParameters.sql_userName.value","twi\SCVSFETLPRD"
factory,mdw-df-nala-dev,"$.properties.globalParameters.d365_dbName.value","dataverse_nalaprd_cds2_workspace_unq4fdd3ca32a38ef118e4b0022482ab.dbo"
factory,mdw-df-nala-dev,"$.properties.globalParameters.arkieva_sql_serverName.value","SLG-OLAP-PRD"
factory,mdw-df-nala-dev,"$.properties.globalParameters.edw_sql_serverName.value","tri-bisqldw"
factory,mdw-df-nala-dev,"$.properties.globalParameters.edw_sql_dbName.value","EDW_DWH"
factory,mdw-df-nala-dev,"$.properties.globalParameters.key_vault_url.value","https://KV-MDW-ADF.vault.azure.net"
factory,mdw-df-nala-dev,"$.properties.globalParameters.pbi_service_principal_key.value","PowerBI-SnowflakeADF-PRD"
factory,mdw-df-nala-dev,"$.properties.globalParameters.pbi_tenant_id.value","7c6c07f6-1ef4-4368-8d5d-4686d15efd79"
factory,mdw-df-nala-dev,"$.properties.globalParameters.pbi_service_principal_id.value","7c6ae0d9-8fb7-4b9b-a6b2-3d04b45897da"

#Pipeline p_webhook_url
pipeline,pp_facts_accounts_payable,activities["trigger_pbi_refresh_accounts_payable"].typeProperties.parameters.p_webhook_url,"https://tempursealyinc.webhook.office.com/webhookb2/7aa89678-96e1-4bbf-a53a-a4ed05939336@7c6c07f6-1ef4-4368-8d5d-4686d15efd79/IncomingWebhook/4e3d2ef079b64a76863c741a4e7f33a3/4c6968dc-2ec8-4f99-b936-1206cdf30aeb/V2_hM0r2yam7X5z86MZfJlK0soPqJRNrX1XJdA0eVJ2qo1"
pipeline,pp_pbi_accounts_payable,activities["trigger_pbi_refresh_accounts_payable"].typeProperties.parameters.p_webhook_url,"https://tempursealyinc.webhook.office.com/webhookb2/7aa89678-96e1-4bbf-a53a-a4ed05939336@7c6c07f6-1ef4-4368-8d5d-4686d15efd79/IncomingWebhook/4e3d2ef079b64a76863c741a4e7f33a3/4c6968dc-2ec8-4f99-b936-1206cdf30aeb/V2_hM0r2yam7X5z86MZfJlK0soPqJRNrX1XJdA0eVJ2qo1"

pipeline,pp_facts_accounts_receivable,activities["trigger_pbi_refresh_accounts_receivable"].typeProperties.parameters.p_webhook_url,"https://tempursealyinc.webhook.office.com/webhookb2/7aa89678-96e1-4bbf-a53a-a4ed05939336@7c6c07f6-1ef4-4368-8d5d-4686d15efd79/IncomingWebhook/96eebba1a23746c880e5e012cdd78981/4c6968dc-2ec8-4f99-b936-1206cdf30aeb/V2xFsrz5q5K8FBe1jgkl4hkVEuLIO9I5wSd5l2xyNHc081"
pipeline,pp_pbi_accounts_receivable,activities["trigger_pbi_refresh_accounts_receivable"].typeProperties.parameters.p_webhook_url,"https://tempursealyinc.webhook.office.com/webhookb2/7aa89678-96e1-4bbf-a53a-a4ed05939336@7c6c07f6-1ef4-4368-8d5d-4686d15efd79/IncomingWebhook/96eebba1a23746c880e5e012cdd78981/4c6968dc-2ec8-4f99-b936-1206cdf30aeb/V2xFsrz5q5K8FBe1jgkl4hkVEuLIO9I5wSd5l2xyNHc081"

pipeline,pp_pbi_finance,activities["trigger_pbi_refresh_finance"].typeProperties.parameters.p_webhook_url,"https://tempursealyinc.webhook.office.com/webhookb2/7aa89678-96e1-4bbf-a53a-a4ed05939336@7c6c07f6-1ef4-4368-8d5d-4686d15efd79/IncomingWebhook/77ad46abad15429b8bd8043236dc9666/4c6968dc-2ec8-4f99-b936-1206cdf30aeb/V2iPAO-ZGVUHXjGeZ_IlrNc8uZ9yvU5wfZ9JYqfgIaAfs1"
pipeline,pp_facts_finance,activities["trigger_pbi_refresh_finance"].typeProperties.parameters.p_webhook_url,"https://tempursealyinc.webhook.office.com/webhookb2/7aa89678-96e1-4bbf-a53a-a4ed05939336@7c6c07f6-1ef4-4368-8d5d-4686d15efd79/IncomingWebhook/77ad46abad15429b8bd8043236dc9666/4c6968dc-2ec8-4f99-b936-1206cdf30aeb/V2iPAO-ZGVUHXjGeZ_IlrNc8uZ9yvU5wfZ9JYqfgIaAfs1"

pipeline,pp_pbi_inventory,activities["trigger_pbi_inventory"].typeProperties.parameters.p_webhook_url,"https://tempursealyinc.webhook.office.com/webhookb2/7aa89678-96e1-4bbf-a53a-a4ed05939336@7c6c07f6-1ef4-4368-8d5d-4686d15efd79/IncomingWebhook/b99c90a3ad004b84adca77a1b8abb24f/4c6968dc-2ec8-4f99-b936-1206cdf30aeb/V24eBSK6QJdoz4EgNWd3N-xp9U8PdQewgkRtrKGHw7dDk1"
pipeline,pp_facts_inventory,activities["trigger_pbi_inventory"].typeProperties.parameters.p_webhook_url,"https://tempursealyinc.webhook.office.com/webhookb2/7aa89678-96e1-4bbf-a53a-a4ed05939336@7c6c07f6-1ef4-4368-8d5d-4686d15efd79/IncomingWebhook/b99c90a3ad004b84adca77a1b8abb24f/4c6968dc-2ec8-4f99-b936-1206cdf30aeb/V24eBSK6QJdoz4EgNWd3N-xp9U8PdQewgkRtrKGHw7dDk1"

pipeline,pp_facts_operations,activities[1].typeProperties.parameters.p_webhook_url,"https://tempursealyinc.webhook.office.com/webhookb2/7aa89678-96e1-4bbf-a53a-a4ed05939336@7c6c07f6-1ef4-4368-8d5d-4686d15efd79/IncomingWebhook/71039d7ce60f4e73ba1f9b560a686dec/4c6968dc-2ec8-4f99-b936-1206cdf30aeb/V2LP-8jXv6CjEd3pQ-1duWQfdFrXbuQ5py6b819ggjoME1"
pipeline,pp_pbi_operations,activities["trigger_pbi_refresh_operations"].typeProperties.parameters.p_webhook_url,"https://tempursealyinc.webhook.office.com/webhookb2/7aa89678-96e1-4bbf-a53a-a4ed05939336@7c6c07f6-1ef4-4368-8d5d-4686d15efd79/IncomingWebhook/71039d7ce60f4e73ba1f9b560a686dec/4c6968dc-2ec8-4f99-b936-1206cdf30aeb/V2LP-8jXv6CjEd3pQ-1duWQfdFrXbuQ5py6b819ggjoME1"

pipeline,pp_facts_procurement,activities["trigger_pbi_procurement"].typeProperties.parameters.p_webhook_url,"https://tempursealyinc.webhook.office.com/webhookb2/7aa89678-96e1-4bbf-a53a-a4ed05939336@7c6c07f6-1ef4-4368-8d5d-4686d15efd79/IncomingWebhook/627724b8d30b48309af1c685d73b9145/4c6968dc-2ec8-4f99-b936-1206cdf30aeb/V2LIYP676sNkZpcLIKxvYV2iIDb3FLgu3BFq0yz5F4Nac1"
pipeline,pp_pbi_procurement,activities["trigger_pbi_procurement"].typeProperties.parameters.p_webhook_url,"https://tempursealyinc.webhook.office.com/webhookb2/7aa89678-96e1-4bbf-a53a-a4ed05939336@7c6c07f6-1ef4-4368-8d5d-4686d15efd79/IncomingWebhook/627724b8d30b48309af1c685d73b9145/4c6968dc-2ec8-4f99-b936-1206cdf30aeb/V2LIYP676sNkZpcLIKxvYV2iIDb3FLgu3BFq0yz5F4Nac1"

pipeline,pp_facts_sales_marketing,activities["trigger_pbi_refresh_sales_and_marketing"].typeProperties.parameters.p_webhook_url,"https://tempursealyinc.webhook.office.com/webhookb2/7aa89678-96e1-4bbf-a53a-a4ed05939336@7c6c07f6-1ef4-4368-8d5d-4686d15efd79/IncomingWebhook/a0296b6210c7484080ea2b1635d91506/4c6968dc-2ec8-4f99-b936-1206cdf30aeb/V20CIQzxaUIhUJCRGPtI8xgFioUZ_g2rPsy18zF1cFVe41"
pipeline,pp_pbi_sales_and_marketing,activities["trigger_pbi_refresh_sales_and_marketing"].typeProperties.parameters.p_webhook_url,"https://tempursealyinc.webhook.office.com/webhookb2/7aa89678-96e1-4bbf-a53a-a4ed05939336@7c6c07f6-1ef4-4368-8d5d-4686d15efd79/IncomingWebhook/a0296b6210c7484080ea2b1635d91506/4c6968dc-2ec8-4f99-b936-1206cdf30aeb/V20CIQzxaUIhUJCRGPtI8xgFioUZ_g2rPsy18zF1cFVe41"

#Pipeline p_server_nm
pipeline,pp_pbi_inventory,activities["trigger_pbi_inventory"].typeProperties.parameters.p_server_nm,"powerbi://api.powerbi.com/v1.0/myorg/MDW%20Inventory"
pipeline,pp_facts_inventory,activities["trigger_pbi_inventory"].typeProperties.parameters.p_server_nm, "powerbi://api.powerbi.com/v1.0/myorg/MDW%20Inventory"

#Pipeline service principal key client secret
pipeline,pp_pbi_refresh_api,activities["loopStatusCheck"].typeProperties.activities["dataset_refresh_status"].typeProperties.authentication.password.secretName,"PowerBI-SnowflakeADF-PRD"
pipeline,pp_pbi_refresh_api,activities["dataset_refresh"].typeProperties.authentication.password.secretName,"PowerBI-SnowflakeADF-PRD"


#Linked Service Update
linkedService,ls_adls,typeProperties.url,"https://tsnalamdwsnowflake.dfs.core.windows.net/"
linkedService,ls_blob_storage,typeProperties.sasUri,"https://tsnalamdwsnowflake.blob.core.windows.net/"
linkedService,ls_key_vault,typeProperties.baseUrl, "https://KV-MDW-ADF.vault.azure.net/"
linkedService,ls_sqledw,typeProperties.connectionString,"Integrated Security=True;Data Source=tri-bisqldw-uat;Initial Catalog=EDW_DWH"
linkedService,ls_sqledw,typeProperties.userName, "twi\\SCVSFETLPROD"
linkedService,ls_fabricwh,typeProperties.workspaceId,"86968ecc-ec45-4c29-a3b3-57e85376922f"
linkedService,ls_fabricwh,typeProperties.artifactId,"2b4eb2bf-a925-4668-aaa9-b664bd7a3631"
linkedService,ls_fabricwh,typeProperties.endpoint,"6ydwy7hudzuehdk5i2dncxx5pe-zshjnbsf5quuzi5tk7ufg5usf4.datawarehouse.fabric.microsoft.com"
linkedService,ls_fabricwh,typeProperties.tenant,"7c6c07f6-1ef4-4368-8d5d-4686d15efd79"
linkedService,ls_fabricwh,typeProperties.servicePrincipalId,"93e2cccd-796d-4534-8962-7755e0c60a44"
#linkedService,ls_snowflake,typeProperties.connectionString,"jdbc:snowflake://tempursealy-nala.privatelink.snowflakecomputing.com/?user=SVCPRODSNOWFLAKEETL&db=@{concat(linkedService().ls_Env,'_',linkedService().ls_DbName)}&warehouse=PROD_SERVICE_ETL_WH&role=PROD_SERVICE_ETL_ROLE"
linkedService,ls_snowflake,typeProperties.user,"SVCPRODSNOWFLAKEETL"
linkedService,ls_snowflake,typeProperties.role,"PROD_SERVICE_ETL_ROLE"
linkedService,ls_snowflake,typeProperties.warehouse,"PROD_SERVICE_ETL_WH"
linkedService,ls_snowflake,parameters.ls_Env.defaultValue,"PROD"

#Triggers
#
#Triggers dependency (fact) --may contain any of AXNALA, Retail, and D365
trigger,trg_ax_account_payable_dependency,typeProperties.recurrence.startTime,"2025-03-26T06:00:00"
trigger,trg_ax_account_payable_dependency,typeProperties.recurrence.frequency,"Hour"
trigger,trg_ax_account_payable_dependency,typeProperties.recurrence.interval,8
trigger,trg_ax_accounts_receivable_dependency,typeProperties.recurrence.startTime,"2025-03-26T06:00:00"
trigger,trg_ax_accounts_receivable_dependency,typeProperties.recurrence.frequency,"Hour"
trigger,trg_ax_accounts_receivable_dependency,typeProperties.recurrence.interval,8
trigger,trg_ax_operations_dependency,typeProperties.recurrence.startTime,"2025-03-26T06:00:00"
trigger,trg_ax_operations_dependency,typeProperties.recurrence.frequency,"Hour"
trigger,trg_ax_operations_dependency,typeProperties.recurrence.interval,8
trigger,trg_ax_procurement_fact_dependency,typeProperties.recurrence.startTime,"2025-03-26T06:00:00"
trigger,trg_ax_procurement_fact_dependency,typeProperties.recurrence.frequency,"Hour"
trigger,trg_ax_procurement_fact_dependency,typeProperties.recurrence.interval,8
trigger,trg_ax_finance_dependency,typeProperties.recurrence.startTime,"2025-03-26T06:00:00"
trigger,trg_ax_finance_dependency,typeProperties.recurrence.frequency,"Hour"
trigger,trg_ax_finance_dependency,typeProperties.recurrence.interval,8
trigger,trg_ax_inventory_dependency,typeProperties.recurrence.startTime,"2025-03-26T06:30:00"
trigger,trg_ax_inventory_dependency,typeProperties.recurrence.frequency,"Hour"
trigger,trg_ax_inventory_dependency,typeProperties.recurrence.interval,8
trigger,trg_ax_sales_marketing_dependency,typeProperties.recurrence.startTime,"2025-03-26T06:00:00"
trigger,trg_ax_sales_marketing_dependency,typeProperties.recurrence.frequency,"Hour"
trigger,trg_ax_sales_marketing_dependency,typeProperties.recurrence.interval,8
#
#maintenance/other - Turned off for now
#trigger,trg_ax_soft_and_hard_delete,typeProperties.recurrence.startTime,"2025-03-26T04:00:00"
#trigger,trg_ax_soft_and_hard_delete,typeProperties.recurrence.frequency,"Hour"
#trigger,trg_ax_soft_and_hard_delete,typeProperties.recurrence.interval,8
#trigger,trg_d365_soft_and_hard_deletes,typeProperties.recurrence.startTime,"2025-03-26T05:45:00"
#trigger,trg_d365_soft_and_hard_deletes,typeProperties.recurrence.frequency,"Hour"
#trigger,trg_d365_soft_and_hard_deletes,typeProperties.recurrence.interval,8
#trigger,trg_nala_ca_pipeline_incremental,typeProperties.recurrence.startTime,"2025-03-26T05:45:00"
#trigger,trg_nala_ca_pipeline_incremental,typeProperties.recurrence.frequency,"Day"
#trigger,trg_nala_ca_pipeline_incremental,typeProperties.recurrence.interval,"1"
#trigger,trg_pp_sql_athena_rebates,typeProperties.recurrence.startTime,"2025-03-26T05:45:00"
#trigger,trg_pp_sql_athena_rebates,typeProperties.recurrence.frequency,"Hour"
#trigger,trg_pp_sql_athena_rebates,typeProperties.recurrence.interval,8
#
#Triggers AX NALA Dim
trigger,trg_ax_arkieva_inventdim_to_dim_inventory,typeProperties.recurrence.startTime,"2025-03-26T03:00:00"
trigger,trg_ax_arkieva_inventdim_to_dim_inventory,typeProperties.recurrence.frequency,"Hour"
trigger,trg_ax_arkieva_inventdim_to_dim_inventory,typeProperties.recurrence.interval,8
trigger,trg_ax_nala_budgetmodel_to_dim_budget_model,typeProperties.recurrence.startTime,"2025-03-26T03:00:00"
trigger,trg_ax_nala_budgetmodel_to_dim_budget_model,typeProperties.recurrence.frequency,"Hour"
trigger,trg_ax_nala_budgetmodel_to_dim_budget_model,typeProperties.recurrence.interval,8
trigger,trg_ax_nala_cashdisc_to_dim_cash_discount,typeProperties.recurrence.startTime,"2025-03-26T03:00:00"
trigger,trg_ax_nala_cashdisc_to_dim_cash_discount,typeProperties.recurrence.frequency,"Hour"
trigger,trg_ax_nala_cashdisc_to_dim_cash_discount,typeProperties.recurrence.interval,8
trigger,trg_ax_nala_commissioncustrgrp_to_dim_commission_group,typeProperties.recurrence.startTime,"2025-03-26T03:00:00"
trigger,trg_ax_nala_commissioncustrgrp_to_dim_commission_group,typeProperties.recurrence.frequency,"Hour"
trigger,trg_ax_nala_commissioncustrgrp_to_dim_commission_group,typeProperties.recurrence.interval,8
trigger,trg_ax_nala_commissionsalesgroup_to_dim_sales_group,typeProperties.recurrence.startTime,"2025-03-26T03:00:00"
trigger,trg_ax_nala_commissionsalesgroup_to_dim_sales_group,typeProperties.recurrence.frequency,"Hour"
trigger,trg_ax_nala_commissionsalesgroup_to_dim_sales_group,typeProperties.recurrence.interval,8
trigger,trg_ax_nala_consensus_forecast_to_dim_arkieva_sub_channel,typeProperties.recurrence.startTime,"2025-03-26T03:00:00"
trigger,trg_ax_nala_consensus_forecast_to_dim_arkieva_sub_channel,typeProperties.recurrence.frequency,"Hour"
trigger,trg_ax_nala_consensus_forecast_to_dim_arkieva_sub_channel,typeProperties.recurrence.interval,8
trigger,trg_ax_nala_corpallocationmapping_to_dim_corporate_allocation_mapping,typeProperties.recurrence.startTime,"2025-03-26T03:00:00"
trigger,trg_ax_nala_corpallocationmapping_to_dim_corporate_allocation_mapping,typeProperties.recurrence.frequency,"Hour"
trigger,trg_ax_nala_corpallocationmapping_to_dim_corporate_allocation_mapping,typeProperties.recurrence.interval,8
trigger,trg_ax_nala_currency_to_dim_currency,typeProperties.recurrence.startTime,"2025-03-26T03:00:00"
trigger,trg_ax_nala_currency_to_dim_currency,typeProperties.recurrence.frequency,"Hour"
trigger,trg_ax_nala_currency_to_dim_currency,typeProperties.recurrence.interval,8
trigger,trg_ax_nala_custgroup_to_dim_customer_group,typeProperties.recurrence.startTime,"2025-03-26T03:00:00"
trigger,trg_ax_nala_custgroup_to_dim_customer_group,typeProperties.recurrence.frequency,"Hour"
trigger,trg_ax_nala_custgroup_to_dim_customer_group,typeProperties.recurrence.interval,8
trigger,trg_ax_nala_custledger_to_dim_customer_posting_profile,typeProperties.recurrence.startTime,"2025-03-26T03:00:00"
trigger,trg_ax_nala_custledger_to_dim_customer_posting_profile,typeProperties.recurrence.frequency,"Hour"
trigger,trg_ax_nala_custledger_to_dim_customer_posting_profile,typeProperties.recurrence.interval,8
trigger,trg_ax_nala_custpaymmodetable_to_dim_payment_mode,typeProperties.recurrence.startTime,"2025-03-26T03:00:00"
trigger,trg_ax_nala_custpaymmodetable_to_dim_payment_mode,typeProperties.recurrence.frequency,"Hour"
trigger,trg_ax_nala_custpaymmodetable_to_dim_payment_mode,typeProperties.recurrence.interval,8
trigger,trg_ax_nala_custtable_to_dim_customer,typeProperties.recurrence.startTime,"2025-03-26T03:00:00"
trigger,trg_ax_nala_custtable_to_dim_customer,typeProperties.recurrence.frequency,"Hour"
trigger,trg_ax_nala_custtable_to_dim_customer,typeProperties.recurrence.interval,8
trigger,trg_ax_nala_dataarea_to_dim_legal_entity,typeProperties.recurrence.startTime,"2025-03-26T03:00:00"
trigger,trg_ax_nala_dataarea_to_dim_legal_entity,typeProperties.recurrence.frequency,"Hour"
trigger,trg_ax_nala_dataarea_to_dim_legal_entity,typeProperties.recurrence.interval,8
trigger,trg_ax_nala_dimattr_to_dim_default_dimension,typeProperties.recurrence.startTime,"2025-03-26T03:00:00"
trigger,trg_ax_nala_dimattr_to_dim_default_dimension,typeProperties.recurrence.frequency,"Hour"
trigger,trg_ax_nala_dimattr_to_dim_default_dimension,typeProperties.recurrence.interval,8
trigger,trg_ax_nala_dimdate_to_dim_date,typeProperties.recurrence.startTime,"2025-03-26T03:00:00"
trigger,trg_ax_nala_dimdate_to_dim_date,typeProperties.recurrence.frequency,"Hour"
trigger,trg_ax_nala_dimdate_to_dim_date,typeProperties.recurrence.interval,8
trigger,trg_ax_nala_dirpartytable_to_dim_business_unit,typeProperties.recurrence.startTime,"2025-03-26T03:00:00"
trigger,trg_ax_nala_dirpartytable_to_dim_business_unit,typeProperties.recurrence.frequency,"Hour"
trigger,trg_ax_nala_dirpartytable_to_dim_business_unit,typeProperties.recurrence.interval,8
trigger,trg_ax_nala_dlvmode_to_dim_delivery_mode,typeProperties.recurrence.startTime,"2025-03-26T03:00:00"
trigger,trg_ax_nala_dlvmode_to_dim_delivery_mode,typeProperties.recurrence.frequency,"Hour"
trigger,trg_ax_nala_dlvmode_to_dim_delivery_mode,typeProperties.recurrence.interval,8
trigger,trg_ax_nala_dlvterm_to_dim_delivery_term,typeProperties.recurrence.startTime,"2025-03-26T03:00:00"
trigger,trg_ax_nala_dlvterm_to_dim_delivery_term,typeProperties.recurrence.frequency,"Hour"
trigger,trg_ax_nala_dlvterm_to_dim_delivery_term,typeProperties.recurrence.interval,8
trigger,trg_ax_nala_ecorescategory_to_dim_sales_procurement_category,typeProperties.recurrence.startTime,"2025-03-26T03:00:00"
trigger,trg_ax_nala_ecorescategory_to_dim_sales_procurement_category,typeProperties.recurrence.frequency,"Hour"
trigger,trg_ax_nala_ecorescategory_to_dim_sales_procurement_category,typeProperties.recurrence.interval,8
trigger,trg_ax_nala_fiscalcalendarperiod_to_dim_financial_calendar_period,typeProperties.recurrence.startTime,"2025-03-26T03:00:00"
trigger,trg_ax_nala_fiscalcalendarperiod_to_dim_financial_calendar_period,typeProperties.recurrence.frequency,"Hour"
trigger,trg_ax_nala_fiscalcalendarperiod_to_dim_financial_calendar_period,typeProperties.recurrence.interval,8
trigger,trg_ax_nala_hcmworker_to_dim_worker,typeProperties.recurrence.startTime,"2025-03-26T03:00:00"
trigger,trg_ax_nala_hcmworker_to_dim_worker,typeProperties.recurrence.frequency,"Hour"
trigger,trg_ax_nala_hcmworker_to_dim_worker,typeProperties.recurrence.interval,8
trigger,trg_ax_nala_intrastattransactioncode_to_dim_intra_stat_transaction_code,typeProperties.recurrence.startTime,"2025-03-26T03:00:00"
trigger,trg_ax_nala_intrastattransactioncode_to_dim_intra_stat_transaction_code,typeProperties.recurrence.frequency,"Hour"
trigger,trg_ax_nala_intrastattransactioncode_to_dim_intra_stat_transaction_code,typeProperties.recurrence.interval,8
trigger,trg_ax_nala_inventdim_to_dim_inventory,typeProperties.recurrence.startTime,"2025-03-26T03:00:00"
trigger,trg_ax_nala_inventdim_to_dim_inventory,typeProperties.recurrence.frequency,"Hour"
trigger,trg_ax_nala_inventdim_to_dim_inventory,typeProperties.recurrence.interval,8
trigger,trg_ax_nala_inventitemgtin_to_dim_global_trade_item_number,typeProperties.recurrence.startTime,"2025-03-26T03:00:00"
trigger,trg_ax_nala_inventitemgtin_to_dim_global_trade_item_number,typeProperties.recurrence.frequency,"Hour"
trigger,trg_ax_nala_inventitemgtin_to_dim_global_trade_item_number,typeProperties.recurrence.interval,8
trigger,trg_ax_nala_inventitemprice_to_dim_cost,typeProperties.recurrence.startTime,"2025-03-26T03:00:00"
trigger,trg_ax_nala_inventitemprice_to_dim_cost,typeProperties.recurrence.frequency,"Hour"
trigger,trg_ax_nala_inventitemprice_to_dim_cost,typeProperties.recurrence.interval,8
trigger,trg_ax_nala_inventjournalname_to_dim_inventory_journal,typeProperties.recurrence.startTime,"2025-03-26T03:00:00"
trigger,trg_ax_nala_inventjournalname_to_dim_inventory_journal,typeProperties.recurrence.frequency,"Hour"
trigger,trg_ax_nala_inventjournalname_to_dim_inventory_journal,typeProperties.recurrence.interval,8
trigger,trg_ax_nala_inventlocation_to_dim_warehouse,typeProperties.recurrence.startTime,"2025-03-26T03:00:00"
trigger,trg_ax_nala_inventlocation_to_dim_warehouse,typeProperties.recurrence.frequency,"Hour"
trigger,trg_ax_nala_inventlocation_to_dim_warehouse,typeProperties.recurrence.interval,8
trigger,trg_ax_nala_inventsite_to_dim_site,typeProperties.recurrence.startTime,"2025-03-26T03:00:00"
trigger,trg_ax_nala_inventsite_to_dim_site,typeProperties.recurrence.frequency,"Hour"
trigger,trg_ax_nala_inventsite_to_dim_site,typeProperties.recurrence.interval,8
trigger,trg_ax_nala_inventtable_to_dim_item,typeProperties.recurrence.startTime,"2025-03-26T03:00:00"
trigger,trg_ax_nala_inventtable_to_dim_item,typeProperties.recurrence.frequency,"Hour"
trigger,trg_ax_nala_inventtable_to_dim_item,typeProperties.recurrence.interval,8
trigger,trg_ax_nala_ledger_to_dim_ledger,typeProperties.recurrence.startTime,"2025-03-26T03:00:00"
trigger,trg_ax_nala_ledger_to_dim_ledger,typeProperties.recurrence.frequency,"Hour"
trigger,trg_ax_nala_ledger_to_dim_ledger,typeProperties.recurrence.interval,8
trigger,trg_ax_nala_ledgerdimension_to_dim_ledger_dimension,typeProperties.recurrence.startTime,"2025-03-26T03:00:00"
trigger,trg_ax_nala_ledgerdimension_to_dim_ledger_dimension,typeProperties.recurrence.frequency,"Hour"
trigger,trg_ax_nala_ledgerdimension_to_dim_ledger_dimension,typeProperties.recurrence.interval,8
trigger,trg_ax_nala_logisticspostaladdress_to_dim_location,typeProperties.recurrence.startTime,"2025-03-26T03:00:00"
trigger,trg_ax_nala_logisticspostaladdress_to_dim_location,typeProperties.recurrence.frequency,"Hour"
trigger,trg_ax_nala_logisticspostaladdress_to_dim_location,typeProperties.recurrence.interval,8
trigger,trg_ax_nala_mainaccount_to_dim_main_account,typeProperties.recurrence.startTime,"2025-03-26T03:00:00"
trigger,trg_ax_nala_mainaccount_to_dim_main_account,typeProperties.recurrence.frequency,"Hour"
trigger,trg_ax_nala_mainaccount_to_dim_main_account,typeProperties.recurrence.interval,8
trigger,trg_ax_nala_markupgroup_to_dim_customer_markup_group,typeProperties.recurrence.startTime,"2025-03-26T03:00:00"
trigger,trg_ax_nala_markupgroup_to_dim_customer_markup_group,typeProperties.recurrence.frequency,"Hour"
trigger,trg_ax_nala_markupgroup_to_dim_customer_markup_group,typeProperties.recurrence.interval,8
trigger,trg_ax_nala_mcstrailers_to_dim_trailers,typeProperties.recurrence.startTime,"2025-03-26T03:00:00"
trigger,trg_ax_nala_mcstrailers_to_dim_trailers,typeProperties.recurrence.frequency,"Hour"
trigger,trg_ax_nala_mcstrailers_to_dim_trailers,typeProperties.recurrence.interval,8
trigger,trg_ax_nala_paymterm_to_dim_payment_terms,typeProperties.recurrence.startTime,"2025-03-26T03:00:00"
trigger,trg_ax_nala_paymterm_to_dim_payment_terms,typeProperties.recurrence.frequency,"Hour"
trigger,trg_ax_nala_paymterm_to_dim_payment_terms,typeProperties.recurrence.interval,8
trigger,trg_ax_nala_pdsrebate_to_dim_rebate,typeProperties.recurrence.startTime,"2025-03-26T03:00:00"
trigger,trg_ax_nala_pdsrebate_to_dim_rebate,typeProperties.recurrence.frequency,"Hour"
trigger,trg_ax_nala_pdsrebate_to_dim_rebate,typeProperties.recurrence.interval,8
trigger,trg_ax_nala_pricediscgroup_to_dim_sales_line_discount_group,typeProperties.recurrence.startTime,"2025-03-26T03:00:00"
trigger,trg_ax_nala_pricediscgroup_to_dim_sales_line_discount_group,typeProperties.recurrence.frequency,"Hour"
trigger,trg_ax_nala_pricediscgroup_to_dim_sales_line_discount_group,typeProperties.recurrence.interval,8
trigger,trg_ax_nala_pricediscgroup_to_dim_sales_price_group,typeProperties.recurrence.startTime,"2025-03-26T03:00:00"
trigger,trg_ax_nala_pricediscgroup_to_dim_sales_price_group,typeProperties.recurrence.frequency,"Hour"
trigger,trg_ax_nala_pricediscgroup_to_dim_sales_price_group,typeProperties.recurrence.interval,8
trigger,trg_ax_nala_purchtable_to_dim_purchase_order,typeProperties.recurrence.startTime,"2025-03-26T03:00:00"
trigger,trg_ax_nala_purchtable_to_dim_purchase_order,typeProperties.recurrence.frequency,"Hour"
trigger,trg_ax_nala_purchtable_to_dim_purchase_order,typeProperties.recurrence.interval,8
trigger,trg_ax_nala_reasontableref_to_dim_reason,typeProperties.recurrence.startTime,"2025-03-26T03:00:00"
trigger,trg_ax_nala_reasontableref_to_dim_reason,typeProperties.recurrence.frequency,"Hour"
trigger,trg_ax_nala_reasontableref_to_dim_reason,typeProperties.recurrence.interval,8
trigger,trg_ax_nala_returndispositioncode_to_dim_return_disposition,typeProperties.recurrence.startTime,"2025-03-26T03:00:00"
trigger,trg_ax_nala_returndispositioncode_to_dim_return_disposition,typeProperties.recurrence.frequency,"Hour"
trigger,trg_ax_nala_returndispositioncode_to_dim_return_disposition,typeProperties.recurrence.interval,8
trigger,trg_ax_nala_returnreasoncode_to_dim_return_reason,typeProperties.recurrence.startTime,"2025-03-26T03:00:00"
trigger,trg_ax_nala_returnreasoncode_to_dim_return_reason,typeProperties.recurrence.frequency,"Hour"
trigger,trg_ax_nala_returnreasoncode_to_dim_return_reason,typeProperties.recurrence.interval,8
trigger,trg_ax_nala_salesorigin_to_dim_sales_origin,typeProperties.recurrence.startTime,"2025-03-26T03:00:00"
trigger,trg_ax_nala_salesorigin_to_dim_sales_origin,typeProperties.recurrence.frequency,"Hour"
trigger,trg_ax_nala_salesorigin_to_dim_sales_origin,typeProperties.recurrence.interval,8
trigger,trg_ax_nala_salespool_to_dim_sales_pool,typeProperties.recurrence.startTime,"2025-03-26T03:00:00"
trigger,trg_ax_nala_salespool_to_dim_sales_pool,typeProperties.recurrence.frequency,"Hour"
trigger,trg_ax_nala_salespool_to_dim_sales_pool,typeProperties.recurrence.interval,8
trigger,trg_ax_nala_salestable_to_dim_sales_order,typeProperties.recurrence.startTime,"2025-03-26T03:00:00"
trigger,trg_ax_nala_salestable_to_dim_sales_order,typeProperties.recurrence.frequency,"Hour"
trigger,trg_ax_nala_salestable_to_dim_sales_order,typeProperties.recurrence.interval,8
trigger,trg_ax_nala_shipcarriertable_to_dim_shipping_carrier,typeProperties.recurrence.startTime,"2025-03-26T03:00:00"
trigger,trg_ax_nala_shipcarriertable_to_dim_shipping_carrier,typeProperties.recurrence.frequency,"Hour"
trigger,trg_ax_nala_shipcarriertable_to_dim_shipping_carrier,typeProperties.recurrence.interval,8
trigger,trg_ax_nala_smmcampaigntable_to_dim_campaign,typeProperties.recurrence.startTime,"2025-03-26T03:00:00"
trigger,trg_ax_nala_smmcampaigntable_to_dim_campaign,typeProperties.recurrence.frequency,"Hour"
trigger,trg_ax_nala_smmcampaigntable_to_dim_campaign,typeProperties.recurrence.interval,8
trigger,trg_ax_nala_tammerchandisingevent_to_dim_merchandising_event,typeProperties.recurrence.startTime,"2025-03-26T03:00:00"
trigger,trg_ax_nala_tammerchandisingevent_to_dim_merchandising_event,typeProperties.recurrence.frequency,"Hour"
trigger,trg_ax_nala_tammerchandisingevent_to_dim_merchandising_event,typeProperties.recurrence.interval,8
trigger,trg_ax_nala_tamtradepromotion_to_dim_trade_promotion,typeProperties.recurrence.startTime,"2025-03-26T03:00:00"
trigger,trg_ax_nala_tamtradepromotion_to_dim_trade_promotion,typeProperties.recurrence.frequency,"Hour"
trigger,trg_ax_nala_tamtradepromotion_to_dim_trade_promotion,typeProperties.recurrence.interval,8
trigger,trg_ax_nala_taxgroupheading_to_dim_tax_group,typeProperties.recurrence.startTime,"2025-03-26T03:00:00"
trigger,trg_ax_nala_taxgroupheading_to_dim_tax_group,typeProperties.recurrence.frequency,"Hour"
trigger,trg_ax_nala_taxgroupheading_to_dim_tax_group,typeProperties.recurrence.interval,8
trigger,trg_ax_nala_taxitemgroupheading_to_dim_tax_item_group,typeProperties.recurrence.startTime,"2025-03-26T03:00:00"
trigger,trg_ax_nala_taxitemgroupheading_to_dim_tax_item_group,typeProperties.recurrence.frequency,"Hour"
trigger,trg_ax_nala_taxitemgroupheading_to_dim_tax_item_group,typeProperties.recurrence.interval,8
trigger,trg_ax_nala_taxtable_to_dim_tax,typeProperties.recurrence.startTime,"2025-03-26T03:00:00"
trigger,trg_ax_nala_taxtable_to_dim_tax,typeProperties.recurrence.frequency,"Hour"
trigger,trg_ax_nala_taxtable_to_dim_tax,typeProperties.recurrence.interval,8
trigger,trg_ax_nala_tpx_linereturnreasoncode_to_dim_line_return_reason,typeProperties.recurrence.startTime,"2025-03-26T03:00:00"
trigger,trg_ax_nala_tpx_linereturnreasoncode_to_dim_line_return_reason,typeProperties.recurrence.frequency,"Hour"
trigger,trg_ax_nala_tpx_linereturnreasoncode_to_dim_line_return_reason,typeProperties.recurrence.interval,8
trigger,trg_ax_nala_unionall_export_forcast_to_dim_arkieva_customer,typeProperties.recurrence.startTime,"2025-03-26T03:00:00"
trigger,trg_ax_nala_unionall_export_forcast_to_dim_arkieva_customer,typeProperties.recurrence.frequency,"Hour"
trigger,trg_ax_nala_unionall_export_forcast_to_dim_arkieva_customer,typeProperties.recurrence.interval,8
trigger,trg_ax_nala_unitofmeasure_to_dim_unit_of_measure,typeProperties.recurrence.startTime,"2025-03-26T03:00:00"
trigger,trg_ax_nala_unitofmeasure_to_dim_unit_of_measure,typeProperties.recurrence.frequency,"Hour"
trigger,trg_ax_nala_unitofmeasure_to_dim_unit_of_measure,typeProperties.recurrence.interval,8
trigger,trg_ax_nala_userinfo_to_dim_user_info,typeProperties.recurrence.startTime,"2025-03-26T03:00:00"
trigger,trg_ax_nala_userinfo_to_dim_user_info,typeProperties.recurrence.frequency,"Hour"
trigger,trg_ax_nala_userinfo_to_dim_user_info,typeProperties.recurrence.interval,8
trigger,trg_ax_nala_vendpaymmodespec_to_dim_vendor_payment_specification,typeProperties.recurrence.startTime,"2025-03-26T03:00:00"
trigger,trg_ax_nala_vendpaymmodespec_to_dim_vendor_payment_specification,typeProperties.recurrence.frequency,"Hour"
trigger,trg_ax_nala_vendpaymmodespec_to_dim_vendor_payment_specification,typeProperties.recurrence.interval,8
trigger,trg_ax_nala_vendpaymmodetable_to_dim_vendor_payment_mode,typeProperties.recurrence.startTime,"2025-03-26T03:00:00"
trigger,trg_ax_nala_vendpaymmodetable_to_dim_vendor_payment_mode,typeProperties.recurrence.frequency,"Hour"
trigger,trg_ax_nala_vendpaymmodetable_to_dim_vendor_payment_mode,typeProperties.recurrence.interval,8
trigger,trg_ax_nala_vendtable_to_dim_vendor,typeProperties.recurrence.startTime,"2025-03-26T03:00:00"
trigger,trg_ax_nala_vendtable_to_dim_vendor,typeProperties.recurrence.frequency,"Hour"
trigger,trg_ax_nala_vendtable_to_dim_vendor,typeProperties.recurrence.interval,8
#
#Triggers D365 dim
trigger,trg_d365_cashdisc_to_dim_cash_discount,typeProperties.recurrence.startTime,"2025-03-26T03:00:00"
trigger,trg_d365_cashdisc_to_dim_cash_discount,typeProperties.recurrence.frequency,"Hour"
trigger,trg_d365_cashdisc_to_dim_cash_discount,typeProperties.recurrence.interval,8
trigger,trg_d365_commissioncustrgrp_to_dim_commission_group,typeProperties.recurrence.startTime,"2025-03-26T03:00:00"
trigger,trg_d365_commissioncustrgrp_to_dim_commission_group,typeProperties.recurrence.frequency,"Hour"
trigger,trg_d365_commissioncustrgrp_to_dim_commission_group,typeProperties.recurrence.interval,8
trigger,trg_d365_commissionsalesgroup_to_dim_sales_group,typeProperties.recurrence.startTime,"2025-03-26T03:00:00"
trigger,trg_d365_commissionsalesgroup_to_dim_sales_group,typeProperties.recurrence.frequency,"Hour"
trigger,trg_d365_commissionsalesgroup_to_dim_sales_group,typeProperties.recurrence.interval,8
trigger,trg_d365_currency_to_dim_currency,typeProperties.recurrence.startTime,"2025-03-26T03:00:00"
trigger,trg_d365_currency_to_dim_currency,typeProperties.recurrence.frequency,"Hour"
trigger,trg_d365_currency_to_dim_currency,typeProperties.recurrence.interval,8
trigger,trg_d365_custgroup_to_dim_customer_group,typeProperties.recurrence.startTime,"2025-03-26T03:00:00"
trigger,trg_d365_custgroup_to_dim_customer_group,typeProperties.recurrence.frequency,"Hour"
trigger,trg_d365_custgroup_to_dim_customer_group,typeProperties.recurrence.interval,8
trigger,trg_d365_custledger_to_dim_customer_posting_profile,typeProperties.recurrence.startTime,"2025-03-26T03:00:00"
trigger,trg_d365_custledger_to_dim_customer_posting_profile,typeProperties.recurrence.frequency,"Hour"
trigger,trg_d365_custledger_to_dim_customer_posting_profile,typeProperties.recurrence.interval,8
trigger,trg_d365_custpaymmodetable_to_dim_payment_mode,typeProperties.recurrence.startTime,"2025-03-26T03:00:00"
trigger,trg_d365_custpaymmodetable_to_dim_payment_mode,typeProperties.recurrence.frequency,"Hour"
trigger,trg_d365_custpaymmodetable_to_dim_payment_mode,typeProperties.recurrence.interval,8
trigger,trg_d365_custtable_to_dim_customer,typeProperties.recurrence.startTime,"2025-03-26T03:00:00"
trigger,trg_d365_custtable_to_dim_customer,typeProperties.recurrence.frequency,"Hour"
trigger,trg_d365_custtable_to_dim_customer,typeProperties.recurrence.interval,8
trigger,trg_d365_dataarea_to_dim_legal_entity,typeProperties.recurrence.startTime,"2025-03-26T03:00:00"
trigger,trg_d365_dataarea_to_dim_legal_entity,typeProperties.recurrence.frequency,"Hour"
trigger,trg_d365_dataarea_to_dim_legal_entity,typeProperties.recurrence.interval,8
trigger,trg_d365_dimattr_to_dim_default_dimension,typeProperties.recurrence.startTime,"2025-03-26T03:00:00"
trigger,trg_d365_dimattr_to_dim_default_dimension,typeProperties.recurrence.frequency,"Hour"
trigger,trg_d365_dimattr_to_dim_default_dimension,typeProperties.recurrence.interval,8
trigger,trg_d365_dirpartytable_to_dim_business_unit,typeProperties.recurrence.startTime,"2025-03-26T03:00:00"
trigger,trg_d365_dirpartytable_to_dim_business_unit,typeProperties.recurrence.frequency,"Hour"
trigger,trg_d365_dirpartytable_to_dim_business_unit,typeProperties.recurrence.interval,8
trigger,trg_d365_dlvmode_to_dim_delivery_mode,typeProperties.recurrence.startTime,"2025-03-26T03:00:00"
trigger,trg_d365_dlvmode_to_dim_delivery_mode,typeProperties.recurrence.frequency,"Hour"
trigger,trg_d365_dlvmode_to_dim_delivery_mode,typeProperties.recurrence.interval,8
trigger,trg_d365_dlvterm_to_dim_delivery_term,typeProperties.recurrence.startTime,"2025-03-26T03:00:00"
trigger,trg_d365_dlvterm_to_dim_delivery_term,typeProperties.recurrence.frequency,"Hour"
trigger,trg_d365_dlvterm_to_dim_delivery_term,typeProperties.recurrence.interval,8
trigger,trg_d365_ecorescategory_to_dim_sales_procurement_category,typeProperties.recurrence.startTime,"2025-03-26T03:00:00"
trigger,trg_d365_ecorescategory_to_dim_sales_procurement_category,typeProperties.recurrence.frequency,"Hour"
trigger,trg_d365_ecorescategory_to_dim_sales_procurement_category,typeProperties.recurrence.interval,8
trigger,trg_d365_hcmworker_to_dim_worker,typeProperties.recurrence.startTime,"2025-03-26T03:00:00"
trigger,trg_d365_hcmworker_to_dim_worker,typeProperties.recurrence.frequency,"Hour"
trigger,trg_d365_hcmworker_to_dim_worker,typeProperties.recurrence.interval,8
trigger,trg_d365_intrastattransactioncode_to_dim_intra_stat_transaction_code,typeProperties.recurrence.startTime,"2025-03-26T03:00:00"
trigger,trg_d365_intrastattransactioncode_to_dim_intra_stat_transaction_code,typeProperties.recurrence.frequency,"Hour"
trigger,trg_d365_intrastattransactioncode_to_dim_intra_stat_transaction_code,typeProperties.recurrence.interval,8
trigger,trg_d365_inventdim_to_dim_inventory,typeProperties.recurrence.startTime,"2025-03-26T03:00:00"
trigger,trg_d365_inventdim_to_dim_inventory,typeProperties.recurrence.frequency,"Hour"
trigger,trg_d365_inventdim_to_dim_inventory,typeProperties.recurrence.interval,8
trigger,trg_d365_inventitemgtin_to_dim_global_trade_item_number,typeProperties.recurrence.startTime,"2025-03-26T03:00:00"
trigger,trg_d365_inventitemgtin_to_dim_global_trade_item_number,typeProperties.recurrence.frequency,"Hour"
trigger,trg_d365_inventitemgtin_to_dim_global_trade_item_number,typeProperties.recurrence.interval,8
trigger,trg_d365_inventitemprice_to_dim_cost,typeProperties.recurrence.startTime,"2025-03-26T03:00:00"
trigger,trg_d365_inventitemprice_to_dim_cost,typeProperties.recurrence.frequency,"Hour"
trigger,trg_d365_inventitemprice_to_dim_cost,typeProperties.recurrence.interval,8
trigger,trg_d365_inventlocation_to_dim_warehouse,typeProperties.recurrence.startTime,"2025-03-26T03:00:00"
trigger,trg_d365_inventlocation_to_dim_warehouse,typeProperties.recurrence.frequency,"Hour"
trigger,trg_d365_inventlocation_to_dim_warehouse,typeProperties.recurrence.interval,8
trigger,trg_d365_inventsite_to_dim_site,typeProperties.recurrence.startTime,"2025-03-26T03:00:00"
trigger,trg_d365_inventsite_to_dim_site,typeProperties.recurrence.frequency,"Hour"
trigger,trg_d365_inventsite_to_dim_site,typeProperties.recurrence.interval,8
trigger,trg_d365_ledger_to_dim_ledger,typeProperties.recurrence.startTime,"2025-03-26T03:00:00"
trigger,trg_d365_ledger_to_dim_ledger,typeProperties.recurrence.frequency,"Hour"
trigger,trg_d365_ledger_to_dim_ledger,typeProperties.recurrence.interval,8
trigger,trg_d365_logisticspostaladdress_to_dim_location,typeProperties.recurrence.startTime,"2025-03-26T03:00:00"
trigger,trg_d365_logisticspostaladdress_to_dim_location,typeProperties.recurrence.frequency,"Hour"
trigger,trg_d365_logisticspostaladdress_to_dim_location,typeProperties.recurrence.interval,8
trigger,trg_d365_mainaccount_to_dim_main_account,typeProperties.recurrence.startTime,"2025-03-26T03:00:00"
trigger,trg_d365_mainaccount_to_dim_main_account,typeProperties.recurrence.frequency,"Hour"
trigger,trg_d365_mainaccount_to_dim_main_account,typeProperties.recurrence.interval,8
trigger,trg_d365_markupgroup_to_dim_customer_markup_group,typeProperties.recurrence.startTime,"2025-03-26T03:00:00"
trigger,trg_d365_markupgroup_to_dim_customer_markup_group,typeProperties.recurrence.frequency,"Hour"
trigger,trg_d365_markupgroup_to_dim_customer_markup_group,typeProperties.recurrence.interval,8
trigger,trg_d365_mcstrailers_to_dim_trailers,typeProperties.recurrence.startTime,"2025-03-26T03:00:00"
trigger,trg_d365_mcstrailers_to_dim_trailers,typeProperties.recurrence.frequency,"Hour"
trigger,trg_d365_mcstrailers_to_dim_trailers,typeProperties.recurrence.interval,8
trigger,trg_d365_paymterm_to_dim_payment_terms,typeProperties.recurrence.startTime,"2025-03-26T03:00:00"
trigger,trg_d365_paymterm_to_dim_payment_terms,typeProperties.recurrence.frequency,"Hour"
trigger,trg_d365_paymterm_to_dim_payment_terms,typeProperties.recurrence.interval,8
trigger,trg_d365_pdsrebate_to_dim_rebate,typeProperties.recurrence.startTime,"2025-03-26T03:00:00"
trigger,trg_d365_pdsrebate_to_dim_rebate,typeProperties.recurrence.frequency,"Hour"
trigger,trg_d365_pdsrebate_to_dim_rebate,typeProperties.recurrence.interval,8
trigger,trg_d365_pricediscgroup_to_dim_sales_line_discount_group,typeProperties.recurrence.startTime,"2025-03-26T03:00:00"
trigger,trg_d365_pricediscgroup_to_dim_sales_line_discount_group,typeProperties.recurrence.frequency,"Hour"
trigger,trg_d365_pricediscgroup_to_dim_sales_line_discount_group,typeProperties.recurrence.interval,8
trigger,trg_d365_pricediscgroup_to_dim_sales_price_group,typeProperties.recurrence.startTime,"2025-03-26T03:00:00"
trigger,trg_d365_pricediscgroup_to_dim_sales_price_group,typeProperties.recurrence.frequency,"Hour"
trigger,trg_d365_pricediscgroup_to_dim_sales_price_group,typeProperties.recurrence.interval,8
trigger,trg_d365_purchtable_to_dim_purchase_order,typeProperties.recurrence.startTime,"2025-03-26T03:00:00"
trigger,trg_d365_purchtable_to_dim_purchase_order,typeProperties.recurrence.frequency,"Hour"
trigger,trg_d365_purchtable_to_dim_purchase_order,typeProperties.recurrence.interval,8
trigger,trg_d365_returndispositioncode_to_dim_return_disposition,typeProperties.recurrence.startTime,"2025-03-26T03:00:00"
trigger,trg_d365_returndispositioncode_to_dim_return_disposition,typeProperties.recurrence.frequency,"Hour"
trigger,trg_d365_returndispositioncode_to_dim_return_disposition,typeProperties.recurrence.interval,8
trigger,trg_d365_returnreasoncode_to_dim_return_reason,typeProperties.recurrence.startTime,"2025-03-26T03:00:00"
trigger,trg_d365_returnreasoncode_to_dim_return_reason,typeProperties.recurrence.frequency,"Hour"
trigger,trg_d365_returnreasoncode_to_dim_return_reason,typeProperties.recurrence.interval,8
trigger,trg_d365_salesorigin_to_dim_sales_origin,typeProperties.recurrence.startTime,"2025-03-26T03:00:00"
trigger,trg_d365_salesorigin_to_dim_sales_origin,typeProperties.recurrence.frequency,"Hour"
trigger,trg_d365_salesorigin_to_dim_sales_origin,typeProperties.recurrence.interval,8
trigger,trg_d365_salespool_to_dim_sales_pool,typeProperties.recurrence.startTime,"2025-03-26T03:00:00"
trigger,trg_d365_salespool_to_dim_sales_pool,typeProperties.recurrence.frequency,"Hour"
trigger,trg_d365_salespool_to_dim_sales_pool,typeProperties.recurrence.interval,8
trigger,trg_d365_salestable_to_dim_sales_order,typeProperties.recurrence.startTime,"2025-03-26T03:00:00"
trigger,trg_d365_salestable_to_dim_sales_order,typeProperties.recurrence.frequency,"Hour"
trigger,trg_d365_salestable_to_dim_sales_order,typeProperties.recurrence.interval,8
trigger,trg_d365_shipcarriertable_to_dim_shipping_carrier,typeProperties.recurrence.startTime,"2025-03-26T03:00:00"
trigger,trg_d365_shipcarriertable_to_dim_shipping_carrier,typeProperties.recurrence.frequency,"Hour"
trigger,trg_d365_shipcarriertable_to_dim_shipping_carrier,typeProperties.recurrence.interval,8
trigger,trg_d365_smmcampaigntable_to_dim_campaign,typeProperties.recurrence.startTime,"2025-03-26T03:00:00"
trigger,trg_d365_smmcampaigntable_to_dim_campaign,typeProperties.recurrence.frequency,"Hour"
trigger,trg_d365_smmcampaigntable_to_dim_campaign,typeProperties.recurrence.interval,8
trigger,trg_d365_tamtradepromotion_to_dim_trade_promotion,typeProperties.recurrence.startTime,"2025-03-26T03:00:00"
trigger,trg_d365_tamtradepromotion_to_dim_trade_promotion,typeProperties.recurrence.frequency,"Hour"
trigger,trg_d365_tamtradepromotion_to_dim_trade_promotion,typeProperties.recurrence.interval,8
trigger,trg_d365_taxgroupheading_to_dim_tax_group,typeProperties.recurrence.startTime,"2025-03-26T03:00:00"
trigger,trg_d365_taxgroupheading_to_dim_tax_group,typeProperties.recurrence.frequency,"Hour"
trigger,trg_d365_taxgroupheading_to_dim_tax_group,typeProperties.recurrence.interval,8
trigger,trg_d365_taxitemgroupheading_to_dim_tax_item_group,typeProperties.recurrence.startTime,"2025-03-26T03:00:00"
trigger,trg_d365_taxitemgroupheading_to_dim_tax_item_group,typeProperties.recurrence.frequency,"Hour"
trigger,trg_d365_taxitemgroupheading_to_dim_tax_item_group,typeProperties.recurrence.interval,8
trigger,trg_d365_tpx_linereturnreasoncode_to_dim_line_return_reason,typeProperties.recurrence.startTime,"2025-03-26T03:00:00"
trigger,trg_d365_tpx_linereturnreasoncode_to_dim_line_return_reason,typeProperties.recurrence.frequency,"Hour"
trigger,trg_d365_tpx_linereturnreasoncode_to_dim_line_return_reason,typeProperties.recurrence.interval,8
trigger,trg_d365_unitofmeasure_to_dim_unit_of_measure,typeProperties.recurrence.startTime,"2025-03-26T03:00:00"
trigger,trg_d365_unitofmeasure_to_dim_unit_of_measure,typeProperties.recurrence.frequency,"Hour"
trigger,trg_d365_unitofmeasure_to_dim_unit_of_measure,typeProperties.recurrence.interval,8
trigger,trg_d365_userinfo_to_dim_user_info,typeProperties.recurrence.startTime,"2025-03-26T03:00:00"
trigger,trg_d365_userinfo_to_dim_user_info,typeProperties.recurrence.frequency,"Hour"
trigger,trg_d365_userinfo_to_dim_user_info,typeProperties.recurrence.interval,8
trigger,trg_d365_vendpaymmodespec_to_dim_vendor_payment_specification,typeProperties.recurrence.startTime,"2025-03-26T03:00:00"
trigger,trg_d365_vendpaymmodespec_to_dim_vendor_payment_specification,typeProperties.recurrence.frequency,"Hour"
trigger,trg_d365_vendpaymmodespec_to_dim_vendor_payment_specification,typeProperties.recurrence.interval,8
trigger,trg_d365_vendpaymmodetable_to_dim_vendor_payment_mode,typeProperties.recurrence.startTime,"2025-03-26T03:00:00"
trigger,trg_d365_vendpaymmodetable_to_dim_vendor_payment_mode,typeProperties.recurrence.frequency,"Hour"
trigger,trg_d365_vendpaymmodetable_to_dim_vendor_payment_mode,typeProperties.recurrence.interval,8
trigger,trg_d365_vendtable_to_dim_vendor,typeProperties.recurrence.startTime,"2025-03-26T03:00:00"
trigger,trg_d365_vendtable_to_dim_vendor,typeProperties.recurrence.frequency,"Hour"
trigger,trg_d365_vendtable_to_dim_vendor,typeProperties.recurrence.interval,8
#
#Triggers AXNALA fact
trigger,trg_ax_nala_budgettransactionline_to_fact_budget_transactions,typeProperties.recurrence.startTime,"2025-03-26T04:00:00"
trigger,trg_ax_nala_budgettransactionline_to_fact_budget_transactions,typeProperties.recurrence.frequency,"Hour"
trigger,trg_ax_nala_budgettransactionline_to_fact_budget_transactions,typeProperties.recurrence.interval,8
trigger,trg_ax_nala_cogs_itemcost_to_fact_cost_of_goods_sold,typeProperties.recurrence.startTime,"2025-03-26T04:00:00"
trigger,trg_ax_nala_cogs_itemcost_to_fact_cost_of_goods_sold,typeProperties.recurrence.frequency,"Hour"
trigger,trg_ax_nala_cogs_itemcost_to_fact_cost_of_goods_sold,typeProperties.recurrence.interval,8
trigger,trg_ax_nala_custinvoicetrans_to_fact_sales_invoices,typeProperties.recurrence.startTime,"2025-03-26T04:00:00"
trigger,trg_ax_nala_custinvoicetrans_to_fact_sales_invoices,typeProperties.recurrence.frequency,"Hour"
trigger,trg_ax_nala_custinvoicetrans_to_fact_sales_invoices,typeProperties.recurrence.interval,8
trigger,trg_ax_nala_custpackingsliptrans_to_fact_sales_deliveries,typeProperties.recurrence.startTime,"2025-03-26T04:00:00"
trigger,trg_ax_nala_custpackingsliptrans_to_fact_sales_deliveries,typeProperties.recurrence.frequency,"Hour"
trigger,trg_ax_nala_custpackingsliptrans_to_fact_sales_deliveries,typeProperties.recurrence.interval,8
trigger,trg_ax_nala_custsettlement_to_fact_customer_settlements,typeProperties.recurrence.startTime,"2025-03-26T04:00:00"
trigger,trg_ax_nala_custsettlement_to_fact_customer_settlements,typeProperties.recurrence.frequency,"Hour"
trigger,trg_ax_nala_custsettlement_to_fact_customer_settlements,typeProperties.recurrence.interval,8
trigger,trg_ax_nala_custtrans_to_fact_customer_transactions,typeProperties.recurrence.startTime,"2025-03-26T04:00:00"
trigger,trg_ax_nala_custtrans_to_fact_customer_transactions,typeProperties.recurrence.frequency,"Hour"
trigger,trg_ax_nala_custtrans_to_fact_customer_transactions,typeProperties.recurrence.interval,8
trigger,trg_ax_nala_export_consensus_forecast_to_fact_monthly_forecast,typeProperties.recurrence.startTime,"2025-03-26T04:00:00"
trigger,trg_ax_nala_export_consensus_forecast_to_fact_monthly_forecast,typeProperties.recurrence.frequency,"Hour"
trigger,trg_ax_nala_export_consensus_forecast_to_fact_monthly_forecast,typeProperties.recurrence.interval,8
trigger,trg_ax_nala_export_consensus_forecast_to_fact_weekly_wmape,typeProperties.recurrence.startTime,"2025-03-26T04:00:00"
trigger,trg_ax_nala_export_consensus_forecast_to_fact_weekly_wmape,typeProperties.recurrence.frequency,"Hour"
trigger,trg_ax_nala_export_consensus_forecast_to_fact_weekly_wmape,typeProperties.recurrence.interval,8
trigger,trg_ax_nala_generaljournalaccountentry_to_fact_general_ledger,typeProperties.recurrence.startTime,"2025-03-26T04:00:00"
trigger,trg_ax_nala_generaljournalaccountentry_to_fact_general_ledger,typeProperties.recurrence.frequency,"Hour"
trigger,trg_ax_nala_generaljournalaccountentry_to_fact_general_ledger,typeProperties.recurrence.interval,8
trigger,trg_ax_nala_inventjournaltrans_to_fact_inventory_journal,typeProperties.recurrence.startTime,"2025-03-26T04:00:00"
trigger,trg_ax_nala_inventjournaltrans_to_fact_inventory_journal,typeProperties.recurrence.frequency,"Hour"
trigger,trg_ax_nala_inventjournaltrans_to_fact_inventory_journal,typeProperties.recurrence.interval,8
trigger,trg_ax_nala_inventsum_to_fact_inventory_summary,typeProperties.recurrence.startTime,"2025-03-26T04:00:00"
trigger,trg_ax_nala_inventsum_to_fact_inventory_summary,typeProperties.recurrence.frequency,"Hour"
trigger,trg_ax_nala_inventsum_to_fact_inventory_summary,typeProperties.recurrence.interval,8
trigger,trg_ax_nala_inventtrans_to_fact_inventory_transactions,typeProperties.recurrence.startTime,"2025-03-26T04:00:00"
trigger,trg_ax_nala_inventtrans_to_fact_inventory_transactions,typeProperties.recurrence.frequency,"Hour"
trigger,trg_ax_nala_inventtrans_to_fact_inventory_transactions,typeProperties.recurrence.interval,8
trigger,trg_ax_nala_ledgerjournaltrans_to_fact_ledger_journal_transactions,typeProperties.recurrence.startTime,"2025-03-26T04:00:00"
trigger,trg_ax_nala_ledgerjournaltrans_to_fact_ledger_journal_transactions,typeProperties.recurrence.frequency,"Hour"
trigger,trg_ax_nala_ledgerjournaltrans_to_fact_ledger_journal_transactions,typeProperties.recurrence.interval,8
trigger,trg_ax_nala_pdsrebatetable_to_fact_rebate_transactions,typeProperties.recurrence.startTime,"2025-03-26T04:00:00"
trigger,trg_ax_nala_pdsrebatetable_to_fact_rebate_transactions,typeProperties.recurrence.frequency,"Hour"
trigger,trg_ax_nala_pdsrebatetable_to_fact_rebate_transactions,typeProperties.recurrence.interval,8
trigger,trg_ax_nala_prodjournalprod_to_fact_production_journal,typeProperties.recurrence.startTime,"2025-03-26T04:00:00"
trigger,trg_ax_nala_prodjournalprod_to_fact_production_journal,typeProperties.recurrence.frequency,"Hour"
trigger,trg_ax_nala_prodjournalprod_to_fact_production_journal,typeProperties.recurrence.interval,8
trigger,trg_ax_nala_purchline_to_fact_purchase_orders,typeProperties.recurrence.startTime,"2025-03-26T04:00:00"
trigger,trg_ax_nala_purchline_to_fact_purchase_orders,typeProperties.recurrence.frequency,"Hour"
trigger,trg_ax_nala_purchline_to_fact_purchase_orders,typeProperties.recurrence.interval,8
trigger,trg_ax_nala_salesline_to_fact_sales_order,typeProperties.recurrence.startTime,"2025-03-26T04:00:00"
trigger,trg_ax_nala_salesline_to_fact_sales_order,typeProperties.recurrence.frequency,"Hour"
trigger,trg_ax_nala_salesline_to_fact_sales_order,typeProperties.recurrence.interval,8
trigger,trg_ax_nala_taxtrans_to_fact_tax_transactions,typeProperties.recurrence.startTime,"2025-03-26T04:00:00"
trigger,trg_ax_nala_taxtrans_to_fact_tax_transactions,typeProperties.recurrence.frequency,"Hour"
trigger,trg_ax_nala_taxtrans_to_fact_tax_transactions,typeProperties.recurrence.interval,8
trigger,trg_ax_nala_unionall_export_consensus_forcast_to_fact_weekly_forecast,typeProperties.recurrence.startTime,"2025-03-26T04:00:00"
trigger,trg_ax_nala_unionall_export_consensus_forcast_to_fact_weekly_forecast,typeProperties.recurrence.frequency,"Hour"
trigger,trg_ax_nala_unionall_export_consensus_forcast_to_fact_weekly_forecast,typeProperties.recurrence.interval,8
trigger,trg_ax_nala_unionall_export_forcast_to_fact_monthly_wmape,typeProperties.recurrence.startTime,"2025-03-26T04:00:00"
trigger,trg_ax_nala_unionall_export_forcast_to_fact_monthly_wmape,typeProperties.recurrence.frequency,"Hour"
trigger,trg_ax_nala_unionall_export_forcast_to_fact_monthly_wmape,typeProperties.recurrence.interval,8
trigger,trg_ax_nala_vendinvoicetrans_to_fact_purchase_invoices,typeProperties.recurrence.startTime,"2025-03-26T04:00:00"
trigger,trg_ax_nala_vendinvoicetrans_to_fact_purchase_invoices,typeProperties.recurrence.frequency,"Hour"
trigger,trg_ax_nala_vendinvoicetrans_to_fact_purchase_invoices,typeProperties.recurrence.interval,8
trigger,trg_ax_nala_vendpackingsliptrans_to_fact_purchase_receipts,typeProperties.recurrence.startTime,"2025-03-26T04:00:00"
trigger,trg_ax_nala_vendpackingsliptrans_to_fact_purchase_receipts,typeProperties.recurrence.frequency,"Hour"
trigger,trg_ax_nala_vendpackingsliptrans_to_fact_purchase_receipts,typeProperties.recurrence.interval,8
trigger,trg_ax_nala_vendtrans_to_fact_vendor_transactions,typeProperties.recurrence.startTime,"2025-03-26T04:00:00"
trigger,trg_ax_nala_vendtrans_to_fact_vendor_transactions,typeProperties.recurrence.frequency,"Hour"
trigger,trg_ax_nala_vendtrans_to_fact_vendor_transactions,typeProperties.recurrence.interval,8
trigger,trg_ax_nala_whsloadline_to_fact_transportation_load,typeProperties.recurrence.startTime,"2025-03-26T04:00:00"
trigger,trg_ax_nala_whsloadline_to_fact_transportation_load,typeProperties.recurrence.frequency,"Hour"
trigger,trg_ax_nala_whsloadline_to_fact_transportation_load,typeProperties.recurrence.interval,8
trigger,trg_ax_nala_wmsordertrans_to_fact_picking_line,typeProperties.recurrence.startTime,"2025-03-26T04:00:00"
trigger,trg_ax_nala_wmsordertrans_to_fact_picking_line,typeProperties.recurrence.frequency,"Hour"
trigger,trg_ax_nala_wmsordertrans_to_fact_picking_line,typeProperties.recurrence.interval,8
#
#Triggers D365 fact
trigger,trg_d365_custinvoicetrans_to_fact_sales_invoices,typeProperties.recurrence.startTime,"2025-03-26T04:00:00"
trigger,trg_d365_custinvoicetrans_to_fact_sales_invoices,typeProperties.recurrence.frequency,"Hour"
trigger,trg_d365_custinvoicetrans_to_fact_sales_invoices,typeProperties.recurrence.interval,8
trigger,trg_d365_custpackingsliptrans_to_fact_sales_deliveries,typeProperties.recurrence.startTime,"2025-03-26T04:00:00"
trigger,trg_d365_custpackingsliptrans_to_fact_sales_deliveries,typeProperties.recurrence.frequency,"Hour"
trigger,trg_d365_custpackingsliptrans_to_fact_sales_deliveries,typeProperties.recurrence.interval,8
trigger,trg_d365_custtrans_to_fact_customer_transactions,typeProperties.recurrence.startTime,"2025-03-26T04:00:00"
trigger,trg_d365_custtrans_to_fact_customer_transactions,typeProperties.recurrence.frequency,"Hour"
trigger,trg_d365_custtrans_to_fact_customer_transactions,typeProperties.recurrence.interval,8
trigger,trg_d365_inventjournaltrans_to_fact_inventory_journal,typeProperties.recurrence.startTime,"2025-03-26T04:00:00"
trigger,trg_d365_inventjournaltrans_to_fact_inventory_journal,typeProperties.recurrence.interval,8
trigger,trg_d365_inventsum_to_fact_inventory_summary,typeProperties.recurrence.startTime,"2025-03-26T04:00:00"
trigger,trg_d365_inventsum_to_fact_inventory_summary,typeProperties.recurrence.frequency,"Hour"
trigger,trg_d365_inventsum_to_fact_inventory_summary,typeProperties.recurrence.interval,8
trigger,trg_d365_inventtrans_to_fact_inventory_transactions,typeProperties.recurrence.startTime,"2025-03-26T04:00:00"
trigger,trg_d365_inventtrans_to_fact_inventory_transactions,typeProperties.recurrence.frequency,"Hour"
trigger,trg_d365_inventtrans_to_fact_inventory_transactions,typeProperties.recurrence.interval,8
trigger,trg_d365_ledgerjournaltrans_to_fact_ledger_journal_transactions,typeProperties.recurrence.startTime,"2025-03-26T04:00:00"
trigger,trg_d365_ledgerjournaltrans_to_fact_ledger_journal_transactions,typeProperties.recurrence.frequency,"Hour"
trigger,trg_d365_ledgerjournaltrans_to_fact_ledger_journal_transactions,typeProperties.recurrence.interval,8
trigger,trg_d365_pdsrebatetable_to_fact_rebate_transactions,typeProperties.recurrence.startTime,"2025-03-26T04:00:00"
trigger,trg_d365_pdsrebatetable_to_fact_rebate_transactions,typeProperties.recurrence.frequency,"Hour"
trigger,trg_d365_pdsrebatetable_to_fact_rebate_transactions,typeProperties.recurrence.interval,8
trigger,trg_d365_prodjournalprod_to_fact_production_journal,typeProperties.recurrence.startTime,"2025-03-26T04:00:00"
trigger,trg_d365_prodjournalprod_to_fact_production_journal,typeProperties.recurrence.frequency,"Hour"
trigger,trg_d365_prodjournalprod_to_fact_production_journal,typeProperties.recurrence.interval,8
trigger,trg_d365_purchline_to_fact_purchase_orders,typeProperties.recurrence.startTime,"2025-03-26T04:00:00"
trigger,trg_d365_purchline_to_fact_purchase_orders,typeProperties.recurrence.frequency,"Hour"
trigger,trg_d365_purchline_to_fact_purchase_orders,typeProperties.recurrence.interval,8
trigger,trg_d365_salesline_to_fact_sales_order,typeProperties.recurrence.startTime,"2025-03-26T04:00:00"
trigger,trg_d365_salesline_to_fact_sales_order,typeProperties.recurrence.frequency,"Hour"
trigger,trg_d365_salesline_to_fact_sales_order,typeProperties.recurrence.interval,8
trigger,trg_d365_vendinvoicetrans_to_fact_purchase_invoices,typeProperties.recurrence.startTime,"2025-03-26T04:00:00"
trigger,trg_d365_vendinvoicetrans_to_fact_purchase_invoices,typeProperties.recurrence.frequency,"Hour"
trigger,trg_d365_vendinvoicetrans_to_fact_purchase_invoices,typeProperties.recurrence.interval,8
trigger,trg_d365_vendpackingsliptrans_to_fact_purchase_receipts,typeProperties.recurrence.startTime,"2025-03-26T04:00:00"
trigger,trg_d365_vendpackingsliptrans_to_fact_purchase_receipts,typeProperties.recurrence.frequency,"Hour"
trigger,trg_d365_vendpackingsliptrans_to_fact_purchase_receipts,typeProperties.recurrence.interval,8
trigger,trg_d365_whsloadline_to_fact_transportation_load,typeProperties.recurrence.startTime,"2025-03-26T04:00:00"
trigger,trg_d365_whsloadline_to_fact_transportation_load,typeProperties.recurrence.frequency,"Hour"
trigger,trg_d365_whsloadline_to_fact_transportation_load,typeProperties.recurrence.interval,8